DROP DATABASE IF EXISTS QLBVMBDB;

CREATE DATABASE IF NOT EXISTS QLBVMBDB;
USE QLBVMBDB;

CREATE TABLE IF NOT EXISTS THAMSO
(
	SoSanBayTGToiDa INT NOT NULL,
    TGBayToiThieu INT NOT NULL, -- phut
    TGDungToiThieu INT NOT NULL, -- phut
    TGDungToiDa INT NOT NULL -- phut
    -- TGDatTruocVeToiThieu INT NOT NULL,
    -- TGHuyDatTruocVeToiThieu INT NOT NULL
);    

CREATE TABLE IF NOT EXISTS SANBAY
(
	MaSanBay VARCHAR(7) PRIMARY KEY,
    TenSanBay VARCHAR(100) NOT NULL
);

CREATE TABLE IF NOT EXISTS HANGGHE
(
	MaHangGhe VARCHAR(7) PRIMARY KEY,
    TenHangGhe VARCHAR(100) NOT NULL
);

CREATE TABLE IF NOT EXISTS CHUYENBAY
(
	MaChuyenBay VARCHAR(7) PRIMARY KEY,
    MaSanBayDi VARCHAR(7) NOT NULL,
    MaSanBayDen VARCHAR(7) NOT NULL,
    NgayBay DATE NOT NULL,
    GioBay TIME NOT NULL,
    ThoiGianBay INT NOT NULL, -- phut
    FOREIGN KEY (MaSanBayDi) REFERENCES SANBAY(MaSanBay),
    FOREIGN KEY (MaSanBayDen) REFERENCES SANBAY(MaSanBay)
);

CREATE TABLE IF NOT EXISTS CTCHUYENBAY
(
	MaChuyenBay VARCHAR(7) NOT NULL,
    MaSanBayTG VARCHAR(7) NOT NULL,
	ThoiGianDung INT, -- phut
    GhiChu VARCHAR(300),
    PRIMARY KEY (MaChuyenBay, MaSanBayTG),
    FOREIGN KEY (MaChuyenBay) REFERENCES CHUYENBAY(MaChuyenBay),
    FOREIGN KEY (MaSanBayTG) REFERENCES SANBAY(MaSanBay)
);

CREATE TABLE IF NOT EXISTS HANGVECB
(
	MaHangGhe VARCHAR(7) NOT NULL,
    MaChuyenBay VARCHAR(7) NOT NULL,
    SoLuongGhe INT NOT NULL,
    SLGheConLai INT DEFAULT 0,
    PRIMARY KEY (MaHangGhe, MaChuyenBay),
    FOREIGN KEY (MaHangGhe) REFERENCES HANGGHE(MaHangGhe),
    FOREIGN KEY (MaChuyenBay) REFERENCES CHUYENBAY(MaChuyenBay)
);

CREATE TABLE IF NOT EXISTS VECHUYENBAY
(
	MaVe VARCHAR(7) PRIMARY KEY,
    MaChuyenBay VARCHAR(7) NOT NULL,
    MaHangGhe VARCHAR(7) NOT NULL,
	TenHanhKhach VARCHAR(100) NOT NULL,
    CMND VARCHAR(20) NOT NULL,
    SoDienThoai VARCHAR(20) NOT NULL,
    DonGia INT NOT NULL,
    TrangThaiVe TINYINT DEFAULT 2, -- -1: TatCa, 0: DaHuy, 1: DaThanhToan, 2: ChuaThanhToan
    -- ThoiDiemThanhToan DATETIME,
    FOREIGN KEY (MaChuyenBay) REFERENCES CHUYENBAY(MaChuyenBay),
    FOREIGN KEY (MaHangGhe) REFERENCES HANGGHE(MaHangGhe)
);

CREATE TABLE IF NOT EXISTS HANGVE_TUYENBAY
(
	MaSanBayDi VARCHAR(7) NOT NULL,
    MaSanBayDen VARCHAR(7) NOT NULL,
    MaHangGhe VARCHAR(7) NOT NULL,
    DonGiaQuyDinh INT NOT NULL,
    PRIMARY KEY (MaSanBayDi, MaSanBayDen, MaHangGhe),
    FOREIGN KEY (MaSanBayDi) REFERENCES SANBAY(MaSanBay),
    FOREIGN KEY (MaSanBayDen) REFERENCES SANBAY(MaSanBay),
    FOREIGN KEY (MaHangGhe) REFERENCES HANGGHE(MaHangGhe)
);


-- ------------------------------------ SANBAY ------------------------------------------------
INSERT INTO SANBAY VALUES ('SB00001', 'Sân bay California');
INSERT INTO SANBAY VALUES ('SB00002', 'Sân bay New York');
INSERT INTO SANBAY VALUES ('SB00003', 'Sân bay Texas');
INSERT INTO SANBAY VALUES ('SB00004', 'Sân bay Los Angeles');
INSERT INTO SANBAY VALUES ('SB00005', 'Sân bay Chicago O\'Hare');
INSERT INTO SANBAY VALUES ('SB00006', 'Sân bay Atlanta Hartsfield-Jackson');
INSERT INTO SANBAY VALUES ('SB00007', 'Sân bay Denver');
INSERT INTO SANBAY VALUES ('SB00008', 'Sân bay Miami');
INSERT INTO SANBAY VALUES ('SB00009', 'Sân bay Seattle-Tacoma');
INSERT INTO SANBAY VALUES ('SB00010', 'Sân bay Washington Dulles');

-- ----------------------------------- HANGGHE ------------------------------------------------
INSERT INTO HANGGHE VALUES ('HG00001', 'Hạng 1');
INSERT INTO HANGGHE VALUES ('HG00002', 'Hạng 2');
INSERT INTO HANGGHE VALUES ('HG00003', 'Hạng sang');
INSERT INTO HANGGHE VALUES ('HG00004', 'Hạng siêu sang');

-- INSERT INTO THAMSO VALUES (2, 30, 10, 20, 1, 1);
INSERT INTO THAMSO VALUES (2, 30, 10, 50);

-- --------------------------------- CHUYENBAY -------------------------------------------------
INSERT INTO CHUYENBAY VALUES ('CB00001', 'SB00001', 'SB00002', '2025-06-01', '08:00:00', 180);
INSERT INTO CHUYENBAY VALUES ('CB00002', 'SB00003', 'SB00004', '2025-06-02', '10:30:00', 150);
INSERT INTO CHUYENBAY VALUES ('CB00003', 'SB00005', 'SB00006', '2025-06-03', '12:15:00', 120);
INSERT INTO CHUYENBAY VALUES ('CB00004', 'SB00007', 'SB00008', '2025-06-04', '09:45:00', 200);
INSERT INTO CHUYENBAY VALUES ('CB00005', 'SB00009', 'SB00010', '2025-06-05', '07:20:00', 165);
-- ================================= CHUYẾN BAY THÁNG 6-12/2025 =================================

-- Tháng 6
INSERT INTO CHUYENBAY VALUES ('CB00006', 'SB00002', 'SB00001', '2025-06-10', '14:30:00', 180);
INSERT INTO CHUYENBAY VALUES ('CB00007', 'SB00004', 'SB00003', '2025-06-15', '16:45:00', 150);
INSERT INTO CHUYENBAY VALUES ('CB00008', 'SB00006', 'SB00005', '2025-06-20', '11:20:00', 120);
INSERT INTO CHUYENBAY VALUES ('CB00009', 'SB00008', 'SB00007', '2025-06-25', '13:10:00', 200);

-- Tháng 7
INSERT INTO CHUYENBAY VALUES ('CB00010', 'SB00010', 'SB00009', '2025-07-05', '08:15:00', 165);
INSERT INTO CHUYENBAY VALUES ('CB00011', 'SB00001', 'SB00003', '2025-07-12', '09:30:00', 240);
INSERT INTO CHUYENBAY VALUES ('CB00012', 'SB00002', 'SB00004', '2025-07-18', '15:20:00', 300);
INSERT INTO CHUYENBAY VALUES ('CB00013', 'SB00005', 'SB00007', '2025-07-25', '17:40:00', 180);

-- Tháng 8
INSERT INTO CHUYENBAY VALUES ('CB00014', 'SB00006', 'SB00008', '2025-08-03', '06:45:00', 210);
INSERT INTO CHUYENBAY VALUES ('CB00015', 'SB00009', 'SB00001', '2025-08-10', '12:00:00', 420);
INSERT INTO CHUYENBAY VALUES ('CB00016', 'SB00010', 'SB00002', '2025-08-17', '19:15:00', 180);
INSERT INTO CHUYENBAY VALUES ('CB00017', 'SB00003', 'SB00005', '2025-08-24', '10:30:00', 150);

-- Tháng 9
INSERT INTO CHUYENBAY VALUES ('CB00018', 'SB00004', 'SB00006', '2025-09-07', '14:50:00', 120);
INSERT INTO CHUYENBAY VALUES ('CB00019', 'SB00007', 'SB00009', '2025-09-14', '07:25:00', 200);
INSERT INTO CHUYENBAY VALUES ('CB00020', 'SB00008', 'SB00010', '2025-09-21', '16:10:00', 165);
INSERT INTO CHUYENBAY VALUES ('CB00021', 'SB00001', 'SB00005', '2025-09-28', '11:45:00', 270);

-- Tháng 10
INSERT INTO CHUYENBAY VALUES ('CB00022', 'SB00002', 'SB00006', '2025-10-05', '13:20:00', 180);
INSERT INTO CHUYENBAY VALUES ('CB00023', 'SB00003', 'SB00007', '2025-10-12', '08:40:00', 240);
INSERT INTO CHUYENBAY VALUES ('CB00024', 'SB00004', 'SB00008', '2025-10-19', '15:55:00', 210);
INSERT INTO CHUYENBAY VALUES ('CB00025', 'SB00009', 'SB00002', '2025-10-26', '18:30:00', 420);

-- Tháng 11
INSERT INTO CHUYENBAY VALUES ('CB00026', 'SB00010', 'SB00003', '2025-11-02', '09:10:00', 300);
INSERT INTO CHUYENBAY VALUES ('CB00027', 'SB00001', 'SB00004', '2025-11-09', '12:25:00', 360);
INSERT INTO CHUYENBAY VALUES ('CB00028', 'SB00005', 'SB00008', '2025-11-16', '14:15:00', 180);
INSERT INTO CHUYENBAY VALUES ('CB00029', 'SB00006', 'SB00009', '2025-11-23', '17:00:00', 150);

-- Tháng 12
INSERT INTO CHUYENBAY VALUES ('CB00030', 'SB00007', 'SB00010', '2025-12-07', '06:30:00', 200);
INSERT INTO CHUYENBAY VALUES ('CB00031', 'SB00008', 'SB00001', '2025-12-14', '10:45:00', 420);
INSERT INTO CHUYENBAY VALUES ('CB00032', 'SB00002', 'SB00003', '2025-12-21', '13:50:00', 180);
INSERT INTO CHUYENBAY VALUES ('CB00033', 'SB00004', 'SB00005', '2025-12-28', '16:20:00', 150);

-- ================================= CHUYẾN BAY THÁNG 1-5/2026 =================================

-- Tháng 1/2026
INSERT INTO CHUYENBAY VALUES ('CB00034', 'SB00006', 'SB00007', '2026-01-04', '08:20:00', 120);
INSERT INTO CHUYENBAY VALUES ('CB00035', 'SB00008', 'SB00009', '2026-01-11', '11:35:00', 210);
INSERT INTO CHUYENBAY VALUES ('CB00036', 'SB00010', 'SB00001', '2026-01-18', '14:45:00', 300);
INSERT INTO CHUYENBAY VALUES ('CB00037', 'SB00003', 'SB00002', '2026-01-25', '17:15:00', 180);

-- Tháng 2/2026
INSERT INTO CHUYENBAY VALUES ('CB00038', 'SB00005', 'SB00004', '2026-02-01', '07:50:00', 150);
INSERT INTO CHUYENBAY VALUES ('CB00039', 'SB00007', 'SB00006', '2026-02-08', '12:40:00', 120);
INSERT INTO CHUYENBAY VALUES ('CB00040', 'SB00009', 'SB00008', '2026-02-15', '15:25:00', 210);
INSERT INTO CHUYENBAY VALUES ('CB00041', 'SB00001', 'SB00010', '2026-02-22', '18:10:00', 300);

-- Tháng 3/2026
INSERT INTO CHUYENBAY VALUES ('CB00042', 'SB00002', 'SB00005', '2026-03-01', '09:05:00', 270);
INSERT INTO CHUYENBAY VALUES ('CB00043', 'SB00004', 'SB00007', '2026-03-08', '13:30:00', 240);
INSERT INTO CHUYENBAY VALUES ('CB00044', 'SB00006', 'SB00001', '2026-03-15', '16:55:00', 180);
INSERT INTO CHUYENBAY VALUES ('CB00045', 'SB00008', 'SB00003', '2026-03-22', '19:40:00', 210);

-- Tháng 4/2026
INSERT INTO CHUYENBAY VALUES ('CB00046', 'SB00010', 'SB00004', '2026-04-05', '06:25:00', 300);
INSERT INTO CHUYENBAY VALUES ('CB00047', 'SB00009', 'SB00005', '2026-04-12', '10:15:00', 200);
INSERT INTO CHUYENBAY VALUES ('CB00048', 'SB00001', 'SB00006', '2026-04-19', '14:00:00', 180);
INSERT INTO CHUYENBAY VALUES ('CB00049', 'SB00003', 'SB00008', '2026-04-26', '17:30:00', 210);

-- Tháng 5/2026
INSERT INTO CHUYENBAY VALUES ('CB00050', 'SB00005', 'SB00009', '2026-05-03', '08:45:00', 200);
INSERT INTO CHUYENBAY VALUES ('CB00051', 'SB00007', 'SB00001', '2026-05-10', '12:20:00', 420);
INSERT INTO CHUYENBAY VALUES ('CB00052', 'SB00002', 'SB00010', '2026-05-17', '15:35:00', 180);
INSERT INTO CHUYENBAY VALUES ('CB00053', 'SB00004', 'SB00009', '2026-05-24', '18:50:00', 200);

-- -------------------------------- CTCHUYENBAY ------------------------------------------------ 
INSERT INTO CTCHUYENBAY VALUES ('CB00001', 'SB00003', 30, 'Dừng tiếp nhiên liệu');
INSERT INTO CTCHUYENBAY VALUES ('CB00001', 'SB00004', 25, 'Đón thêm hành khách');
INSERT INTO CTCHUYENBAY VALUES ('CB00002', 'SB00005', 20, NULL);
INSERT INTO CTCHUYENBAY VALUES ('CB00002', 'SB00006', 15, 'Kiểm tra kỹ thuật');
INSERT INTO CTCHUYENBAY VALUES ('CB00003', 'SB00002', 20, 'Nghỉ ngắn giữa chuyến');
INSERT INTO CTCHUYENBAY VALUES ('CB00003', 'SB00007', 15, 'Dừng kỹ thuật');
INSERT INTO CTCHUYENBAY VALUES ('CB00004', 'SB00009', 40, 'Nghỉ giữa hành trình');
INSERT INTO CTCHUYENBAY VALUES ('CB00004', 'SB00001', 25, 'Đón khách VIP');
INSERT INTO CTCHUYENBAY VALUES ('CB00005', 'SB00004', 30, 'Tiếp nhiên liệu và kiểm tra an toàn');
INSERT INTO CTCHUYENBAY VALUES ('CB00005', 'SB00006', 20, 'Dừng nghỉ nhanh');
-- Thêm một số chuyến bay có điểm dừng
INSERT INTO CTCHUYENBAY VALUES ('CB00010', 'SB00008', 35, 'Tiếp nhiên liệu');
INSERT INTO CTCHUYENBAY VALUES ('CB00011', 'SB00005', 20, 'Nghỉ kỹ thuật');
INSERT INTO CTCHUYENBAY VALUES ('CB00012', 'SB00006', 45, 'Đón thêm hành khách');
INSERT INTO CTCHUYENBAY VALUES ('CB00015', 'SB00005', 30, 'Dừng tiếp nhiên liệu');
INSERT INTO CTCHUYENBAY VALUES ('CB00021', 'SB00003', 25, 'Kiểm tra an toàn');
INSERT INTO CTCHUYENBAY VALUES ('CB00025', 'SB00006', 40, 'Nghỉ giữa hành trình');
INSERT INTO CTCHUYENBAY VALUES ('CB00027', 'SB00007', 35, 'Tiếp nhiên liệu và kiểm tra');
INSERT INTO CTCHUYENBAY VALUES ('CB00031', 'SB00003', 50, 'Dừng kỹ thuật dài');
INSERT INTO CTCHUYENBAY VALUES ('CB00036', 'SB00005', 30, 'Nghỉ ngắn');
INSERT INTO CTCHUYENBAY VALUES ('CB00051', 'SB00004', 45, 'Tiếp nhiên liệu');

-- -------------------------------- HANGVECB --------------------------------------------------
INSERT INTO HANGVECB VALUES ('HG00001', 'CB00001', 100, 90);
INSERT INTO HANGVECB VALUES ('HG00002', 'CB00001', 50, 50);
INSERT INTO HANGVECB VALUES ('HG00003', 'CB00001', 200, 196);
INSERT INTO HANGVECB VALUES ('HG00001', 'CB00002', 150, 15);
INSERT INTO HANGVECB VALUES ('HG00004', 'CB00002', 500, 10);
INSERT INTO HANGVECB VALUES ('HG00002', 'CB00003', 200, 0);
INSERT INTO HANGVECB VALUES ('HG00003', 'CB00003', 100, 8);
INSERT INTO HANGVECB VALUES ('HG00001', 'CB00004', 250, 25);
INSERT INTO HANGVECB VALUES ('HG00002', 'CB00004', 300, 30);
INSERT INTO HANGVECB VALUES ('HG00003', 'CB00004', 100, 10);
INSERT INTO HANGVECB VALUES ('HG00004', 'CB00004', 50, 5);
INSERT INTO HANGVECB VALUES ('HG00004', 'CB00005', 500, 100);
INSERT INTO HANGVECB VALUES ('HG00001', 'CB00006', 120, 100);
INSERT INTO HANGVECB VALUES ('HG00002', 'CB00006', 80, 70);
INSERT INTO HANGVECB VALUES ('HG00003', 'CB00006', 40, 35);

INSERT INTO HANGVECB VALUES ('HG00001', 'CB00007', 200, 180);
INSERT INTO HANGVECB VALUES ('HG00004', 'CB00007', 50, 45);

INSERT INTO HANGVECB VALUES ('HG00002', 'CB00008', 150, 130);
INSERT INTO HANGVECB VALUES ('HG00003', 'CB00008', 100, 85);

INSERT INTO HANGVECB VALUES ('HG00001', 'CB00009', 180, 160);
INSERT INTO HANGVECB VALUES ('HG00002', 'CB00009', 120, 100);
INSERT INTO HANGVECB VALUES ('HG00004', 'CB00009', 60, 50);

INSERT INTO HANGVECB VALUES ('HG00003', 'CB00010', 250, 200);
INSERT INTO HANGVECB VALUES ('HG00004', 'CB00010', 100, 80);

INSERT INTO HANGVECB VALUES ('HG00001', 'CB00011', 300, 250);
INSERT INTO HANGVECB VALUES ('HG00002', 'CB00011', 200, 180);
INSERT INTO HANGVECB VALUES ('HG00003', 'CB00011', 150, 120);

INSERT INTO HANGVECB VALUES ('HG00001', 'CB00012', 350, 300);
INSERT INTO HANGVECB VALUES ('HG00004', 'CB00012', 80, 70);

INSERT INTO HANGVECB VALUES ('HG00002', 'CB00013', 180, 150);
INSERT INTO HANGVECB VALUES ('HG00003', 'CB00013', 120, 100);

INSERT INTO HANGVECB VALUES ('HG00001', 'CB00014', 220, 200);
INSERT INTO HANGVECB VALUES ('HG00002', 'CB00014', 160, 140);
INSERT INTO HANGVECB VALUES ('HG00004', 'CB00014', 70, 60);

INSERT INTO HANGVECB VALUES ('HG00001', 'CB00015', 400, 350);
INSERT INTO HANGVECB VALUES ('HG00003', 'CB00015', 200, 180);

INSERT INTO HANGVECB VALUES ('HG00002', 'CB00016', 180, 160);
INSERT INTO HANGVECB VALUES ('HG00003', 'CB00016', 120, 110);

INSERT INTO HANGVECB VALUES ('HG00001', 'CB00017', 200, 170);
INSERT INTO HANGVECB VALUES ('HG00004', 'CB00017', 90, 80);

INSERT INTO HANGVECB VALUES ('HG00002', 'CB00018', 140, 120);
INSERT INTO HANGVECB VALUES ('HG00003', 'CB00018', 100, 85);

INSERT INTO HANGVECB VALUES ('HG00001', 'CB00019', 250, 220);
INSERT INTO HANGVECB VALUES ('HG00002', 'CB00019', 180, 160);
INSERT INTO HANGVECB VALUES ('HG00004', 'CB00019', 80, 70);

INSERT INTO HANGVECB VALUES ('HG00003', 'CB00020', 200, 180);
INSERT INTO HANGVECB VALUES ('HG00004', 'CB00020', 100, 90);

INSERT INTO HANGVECB VALUES ('HG00001', 'CB00021', 320, 280);
INSERT INTO HANGVECB VALUES ('HG00002', 'CB00021', 220, 200);

INSERT INTO HANGVECB VALUES ('HG00001', 'CB00022', 200, 180);
INSERT INTO HANGVECB VALUES ('HG00003', 'CB00022', 140, 120);

INSERT INTO HANGVECB VALUES ('HG00002', 'CB00023', 280, 250);
INSERT INTO HANGVECB VALUES ('HG00004', 'CB00023', 120, 100);

INSERT INTO HANGVECB VALUES ('HG00001', 'CB00024', 240, 220);
INSERT INTO HANGVECB VALUES ('HG00003', 'CB00024', 160, 140);

INSERT INTO HANGVECB VALUES ('HG00001', 'CB00025', 450, 400);
INSERT INTO HANGVECB VALUES ('HG00004', 'CB00025', 150, 130);

INSERT INTO HANGVECB VALUES ('HG00002', 'CB00026', 350, 320);
INSERT INTO HANGVECB VALUES ('HG00003', 'CB00026', 200, 180);

INSERT INTO HANGVECB VALUES ('HG00001', 'CB00027', 380, 350);
INSERT INTO HANGVECB VALUES ('HG00004', 'CB00027', 160, 140);

INSERT INTO HANGVECB VALUES ('HG00002', 'CB00028', 200, 170);
INSERT INTO HANGVECB VALUES ('HG00003', 'CB00028', 120, 100);

INSERT INTO HANGVECB VALUES ('HG00001', 'CB00029', 180, 160);
INSERT INTO HANGVECB VALUES ('HG00004', 'CB00029', 80, 70);

INSERT INTO HANGVECB VALUES ('HG00002', 'CB00030', 220, 200);
INSERT INTO HANGVECB VALUES ('HG00003', 'CB00030', 150, 130);

INSERT INTO HANGVECB VALUES ('HG00001', 'CB00031', 480, 450);
INSERT INTO HANGVECB VALUES ('HG00004', 'CB00031', 180, 160);

INSERT INTO HANGVECB VALUES ('HG00002', 'CB00032', 200, 180);
INSERT INTO HANGVECB VALUES ('HG00003', 'CB00032', 140, 120);

INSERT INTO HANGVECB VALUES ('HG00001', 'CB00033', 180, 150);
INSERT INTO HANGVECB VALUES ('HG00004', 'CB00033', 90, 80);

-- Tiếp tục cho các chuyến bay 2026
INSERT INTO HANGVECB VALUES ('HG00002', 'CB00034', 150, 130);
INSERT INTO HANGVECB VALUES ('HG00003', 'CB00034', 100, 85);

INSERT INTO HANGVECB VALUES ('HG00001', 'CB00035', 240, 220);
INSERT INTO HANGVECB VALUES ('HG00004', 'CB00035', 110, 100);

INSERT INTO HANGVECB VALUES ('HG00002', 'CB00036', 350, 320);
INSERT INTO HANGVECB VALUES ('HG00003', 'CB00036', 200, 180);

INSERT INTO HANGVECB VALUES ('HG00001', 'CB00037', 200, 180);
INSERT INTO HANGVECB VALUES ('HG00004', 'CB00037', 95, 85);

INSERT INTO HANGVECB VALUES ('HG00002', 'CB00038', 180, 160);
INSERT INTO HANGVECB VALUES ('HG00003', 'CB00038', 120, 100);

INSERT INTO HANGVECB VALUES ('HG00001', 'CB00039', 150, 130);
INSERT INTO HANGVECB VALUES ('HG00004', 'CB00039', 80, 70);

INSERT INTO HANGVECB VALUES ('HG00002', 'CB00040', 240, 220);
INSERT INTO HANGVECB VALUES ('HG00003', 'CB00040', 160, 140);

INSERT INTO HANGVECB VALUES ('HG00001', 'CB00041', 350, 320);
INSERT INTO HANGVECB VALUES ('HG00004', 'CB00041', 140, 120);

INSERT INTO HANGVECB VALUES ('HG00002', 'CB00042', 320, 290);
INSERT INTO HANGVECB VALUES ('HG00003', 'CB00042', 180, 160);

INSERT INTO HANGVECB VALUES ('HG00001', 'CB00043', 280, 250);
INSERT INTO HANGVECB VALUES ('HG00004', 'CB00043', 130, 110);

INSERT INTO HANGVECB VALUES ('HG00002', 'CB00044', 200, 180);
INSERT INTO HANGVECB VALUES ('HG00003', 'CB00044', 140, 120);

INSERT INTO HANGVECB VALUES ('HG00001', 'CB00045', 240, 220);
INSERT INTO HANGVECB VALUES ('HG00004', 'CB00045', 120, 100);

INSERT INTO HANGVECB VALUES ('HG00002', 'CB00046', 350, 320);
INSERT INTO HANGVECB VALUES ('HG00003', 'CB00046', 200, 180);

INSERT INTO HANGVECB VALUES ('HG00001', 'CB00047', 220, 200);
INSERT INTO HANGVECB VALUES ('HG00004', 'CB00047', 100, 90);

INSERT INTO HANGVECB VALUES ('HG00002', 'CB00048', 200, 180);
INSERT INTO HANGVECB VALUES ('HG00003', 'CB00048', 130, 110);

INSERT INTO HANGVECB VALUES ('HG00001', 'CB00049', 240, 220);
INSERT INTO HANGVECB VALUES ('HG00004', 'CB00049', 115, 100);

INSERT INTO HANGVECB VALUES ('HG00002', 'CB00050', 220, 200);
INSERT INTO HANGVECB VALUES ('HG00003', 'CB00050', 150, 130);

INSERT INTO HANGVECB VALUES ('HG00001', 'CB00051', 480, 450);
INSERT INTO HANGVECB VALUES ('HG00004', 'CB00051', 200, 180);

INSERT INTO HANGVECB VALUES ('HG00002', 'CB00052', 200, 180);
INSERT INTO HANGVECB VALUES ('HG00003', 'CB00052', 140, 120);

INSERT INTO HANGVECB VALUES ('HG00001', 'CB00053', 220, 200);
INSERT INTO HANGVECB VALUES ('HG00004', 'CB00053', 110, 95);
-- ------------------------------- HANGVE_TUYENBAY -------------------------------------
-- CB00001
INSERT INTO HANGVE_TUYENBAY VALUES ('SB00001', 'SB00002', 'HG00001', 140000);
INSERT INTO HANGVE_TUYENBAY VALUES ('SB00001', 'SB00002', 'HG00002', 100200);
INSERT INTO HANGVE_TUYENBAY VALUES ('SB00001', 'SB00002', 'HG00003', 200000);

-- CB00002
INSERT INTO HANGVE_TUYENBAY VALUES ('SB00003', 'SB00004', 'HG00001', 300000);
INSERT INTO HANGVE_TUYENBAY VALUES ('SB00003', 'SB00004', 'HG00004', 400000);

-- CB00003
INSERT INTO HANGVE_TUYENBAY VALUES ('SB00005', 'SB00006', 'HG00002', 500000);
INSERT INTO HANGVE_TUYENBAY VALUES ('SB00005', 'SB00006', 'HG00003', 600000);

-- CB00004
INSERT INTO HANGVE_TUYENBAY VALUES ('SB00007', 'SB00008', 'HG00001', 700000);
INSERT INTO HANGVE_TUYENBAY VALUES ('SB00007', 'SB00008', 'HG00002', 800000);
INSERT INTO HANGVE_TUYENBAY VALUES ('SB00007', 'SB00008', 'HG00003', 900000);
INSERT INTO HANGVE_TUYENBAY VALUES ('SB00007', 'SB00008', 'HG00004', 909999);

-- CB00005
INSERT INTO HANGVE_TUYENBAY VALUES ('SB00009', 'SB00010', 'HG00004', 100000);

-- Thêm một số dữ liệu mẫu vào bảng VECHUYENBAY với trạng thái khác nhau
INSERT INTO VECHUYENBAY VALUES ('VE00001', 'CB00001', 'HG00001', 'Nguyen Van A', '123456789', '0901234567', 140000, 1);
INSERT INTO VECHUYENBAY VALUES ('VE00002', 'CB00001', 'HG00002', 'Tran Thi B', '987654321', '0912345678', 100200, 2);
INSERT INTO VECHUYENBAY VALUES ('VE00003', 'CB00001', 'HG00003', 'Le Van C', '456789123', '0923456789', 200000, 1);
INSERT INTO VECHUYENBAY VALUES ('VE00004', 'CB00001', 'HG00003', 'Pham Thi D', '789123456', '0934567890', 200000, 1);

INSERT INTO VECHUYENBAY VALUES ('VE00005', 'CB00002', 'HG00001', 'Hoang Van E', '321654987', '0945678901', 300000, 2);
INSERT INTO VECHUYENBAY VALUES ('VE00006', 'CB00002', 'HG00004', 'Vo Thi F', '654987321', '0956789012', 400000, 1);

INSERT INTO VECHUYENBAY VALUES ('VE00007', 'CB00003', 'HG00002', 'Dang Van G', '147258369', '0967890123', 500000, 1);
INSERT INTO VECHUYENBAY VALUES ('VE00008', 'CB00003', 'HG00003', 'Bui Thi H', '258369147', '0978901234', 600000, 2);

INSERT INTO VECHUYENBAY VALUES ('VE00009', 'CB00004', 'HG00001', 'Do Van I', '369147258', '0989012345', 700000, 1);
INSERT INTO VECHUYENBAY VALUES ('VE00010', 'CB00004', 'HG00002', 'Vu Thi J', '741852963', '0990123456', 800000, 1);
INSERT INTO VECHUYENBAY VALUES ('VE00011', 'CB00004', 'HG00003', 'Mai Van K', '852963741', '0901234568', 900000, 2);
INSERT INTO VECHUYENBAY VALUES ('VE00012', 'CB00004', 'HG00004', 'Cao Thi L', '963741852', '0912345679', 909999, 1);

INSERT INTO VECHUYENBAY VALUES ('VE00013', 'CB00005', 'HG00004', 'Ngo Van M', '159753486', '0923456780', 100000, 2);

INSERT INTO VECHUYENBAY VALUES ('VE00014', 'CB00006', 'HG00001', 'Ly Thi N', '753486159', '0934567891', 140000, 1);
INSERT INTO VECHUYENBAY VALUES ('VE00015', 'CB00006', 'HG00002', 'Truong Van O', '486159753', '0945678902', 100200, 1);
INSERT INTO VECHUYENBAY VALUES ('VE00016', 'CB00006', 'HG00003', 'Ha Thi P', '159357486', '0956789013', 200000, 2);

INSERT INTO VECHUYENBAY VALUES ('VE00017', 'CB00007', 'HG00001', 'Dinh Van Q', '357486159', '0967890124', 300000, 1);
INSERT INTO VECHUYENBAY VALUES ('VE00018', 'CB00007', 'HG00004', 'Le Thi R', '486357159', '0978901235', 400000, 2);

INSERT INTO VECHUYENBAY VALUES ('VE00019', 'CB00008', 'HG00002', 'Phan Van S', '159486357', '0989012346', 500000, 1);
INSERT INTO VECHUYENBAY VALUES ('VE00020', 'CB00008', 'HG00003', 'Ong Thi T', '486159357', '0990123457', 600000, 1);

INSERT INTO VECHUYENBAY VALUES ('VE00021', 'CB00009', 'HG00001', 'Tong Van U', '357159486', '0901234569', 700000, 2);
INSERT INTO VECHUYENBAY VALUES ('VE00022', 'CB00009', 'HG00002', 'Duong Thi V', '159357486', '0912345680', 800000, 1);
INSERT INTO VECHUYENBAY VALUES ('VE00023', 'CB00009', 'HG00004', 'Quan Van W', '486357159', '0923456781', 909999, 1);

INSERT INTO VECHUYENBAY VALUES ('VE00024', 'CB00010', 'HG00003', 'Tang Thi X', '357486159', '0934567892', 600000, 2);
INSERT INTO VECHUYENBAY VALUES ('VE00025', 'CB00010', 'HG00004', 'Lam Van Y', '159486357', '0945678903', 100000, 1);

-- Thêm các vé cho tháng 7-12/2025
INSERT INTO VECHUYENBAY VALUES ('VE00026', 'CB00011', 'HG00001', 'Chau Thi Z', '486159357', '0956789014', 140000, 1);
INSERT INTO VECHUYENBAY VALUES ('VE00027', 'CB00011', 'HG00002', 'Huynh Van AA', '357159486', '0967890125', 100200, 2);
INSERT INTO VECHUYENBAY VALUES ('VE00028', 'CB00011', 'HG00003', 'Mac Thi BB', '159357486', '0978901236', 200000, 1);

INSERT INTO VECHUYENBAY VALUES ('VE00029', 'CB00012', 'HG00001', 'Kieu Van CC', '486357159', '0989012347', 140000, 1);
INSERT INTO VECHUYENBAY VALUES ('VE00030', 'CB00012', 'HG00004', 'Ung Thi DD', '357486159', '0990123458', 400000, 2);

INSERT INTO VECHUYENBAY VALUES ('VE00031', 'CB00013', 'HG00002', 'Khuu Van EE', '159486357', '0901234570', 500000, 1);
INSERT INTO VECHUYENBAY VALUES ('VE00032', 'CB00013', 'HG00003', 'An Thi FF', '486159357', '0912345681', 600000, 1);

INSERT INTO VECHUYENBAY VALUES ('VE00033', 'CB00014', 'HG00001', 'Quach Van GG', '357159486', '0923456782', 700000, 2);
INSERT INTO VECHUYENBAY VALUES ('VE00034', 'CB00014', 'HG00002', 'Uyen Thi HH', '159357486', '0934567893', 800000, 1);
INSERT INTO VECHUYENBAY VALUES ('VE00035', 'CB00014', 'HG00004', 'Kiem Van II', '486357159', '0945678904', 909999, 1);

INSERT INTO VECHUYENBAY VALUES ('VE00036', 'CB00015', 'HG00001', 'Oanh Thi JJ', '357486159', '0956789015', 140000, 2);
INSERT INTO VECHUYENBAY VALUES ('VE00037', 'CB00015', 'HG00003', 'Y Van KK', '159486357', '0967890126', 200000, 1);

INSERT INTO VECHUYENBAY VALUES ('VE00038', 'CB00016', 'HG00002', 'E Thi LL', '486159357', '0978901237', 500000, 1);
INSERT INTO VECHUYENBAY VALUES ('VE00039', 'CB00016', 'HG00003', 'O Van MM', '357159486', '0989012348', 600000, 2);

INSERT INTO VECHUYENBAY VALUES ('VE00040', 'CB00017', 'HG00001', 'U Thi NN', '159357486', '0990123459', 300000, 1);
INSERT INTO VECHUYENBAY VALUES ('VE00041', 'CB00017', 'HG00004', 'I Van OO', '486357159', '0901234571', 400000, 1);

-- Thêm nhiều vé chuyến bay cho các chuyến bay khác
INSERT INTO VECHUYENBAY VALUES ('VE00042', 'CB00018', 'HG00002', 'Bach Van PP', '123789456', '0901111111', 500000, 1);
INSERT INTO VECHUYENBAY VALUES ('VE00043', 'CB00018', 'HG00003', 'Kim Thi QQ', '456123789', '0902222222', 600000, 2);

INSERT INTO VECHUYENBAY VALUES ('VE00044', 'CB00019', 'HG00001', 'Long Van RR', '789456123', '0903333333', 700000, 1);
INSERT INTO VECHUYENBAY VALUES ('VE00045', 'CB00019', 'HG00002', 'Linh Thi SS', '321789654', '0904444444', 800000, 1);
INSERT INTO VECHUYENBAY VALUES ('VE00046', 'CB00019', 'HG00004', 'Nam Van TT', '654321987', '0905555555', 909999, 2);

INSERT INTO VECHUYENBAY VALUES ('VE00047', 'CB00020', 'HG00003', 'Nga Thi UU', '987654321', '0906666666', 600000, 1);
INSERT INTO VECHUYENBAY VALUES ('VE00048', 'CB00020', 'HG00004', 'Phong Van VV', '147963258', '0907777777', 100000, 1);

INSERT INTO VECHUYENBAY VALUES ('VE00049', 'CB00021', 'HG00001', 'Quynh Thi WW', '258147963', '0908888888', 140000, 2);
INSERT INTO VECHUYENBAY VALUES ('VE00050', 'CB00021', 'HG00002', 'Son Van XX', '369258147', '0909999999', 100200, 1);

INSERT INTO VECHUYENBAY VALUES ('VE00051', 'CB00022', 'HG00001', 'Thu Thi YY', '741369258', '0910000000', 140000, 1);
INSERT INTO VECHUYENBAY VALUES ('VE00052', 'CB00022', 'HG00003', 'Vu Van ZZ', '852741369', '0911111111', 200000, 2);

INSERT INTO VECHUYENBAY VALUES ('VE00053', 'CB00023', 'HG00002', 'Xuan Thi AAA', '963852741', '0912222222', 500000, 1);
INSERT INTO VECHUYENBAY VALUES ('VE00054', 'CB00023', 'HG00004', 'Yen Van BBB', '159753486', '0913333333', 100000, 1);

INSERT INTO VECHUYENBAY VALUES ('VE00055', 'CB00024', 'HG00001', 'Duc Van CCC', '753159486', '0914444444', 700000, 2);
INSERT INTO VECHUYENBAY VALUES ('VE00056', 'CB00024', 'HG00003', 'Hoa Thi DDD', '486753159', '0915555555', 900000, 1);

INSERT INTO VECHUYENBAY VALUES ('VE00057', 'CB00025', 'HG00001', 'Khanh Van EEE', '159486753', '0916666666', 140000, 1);
INSERT INTO VECHUYENBAY VALUES ('VE00058', 'CB00025', 'HG00004', 'Lan Thi FFF', '486159753', '0917777777', 400000, 2);

-- Thêm vé cho tháng 11-12/2025
INSERT INTO VECHUYENBAY VALUES ('VE00059', 'CB00026', 'HG00002', 'Minh Van GGG', '753486159', '0918888888', 500000, 1);
INSERT INTO VECHUYENBAY VALUES ('VE00060', 'CB00026', 'HG00003', 'Nhung Thi HHH', '159753486', '0919999999', 600000, 1);

INSERT INTO VECHUYENBAY VALUES ('VE00061', 'CB00027', 'HG00001', 'Phuc Van III', '486159753', '0920000000', 140000, 2);
INSERT INTO VECHUYENBAY VALUES ('VE00062', 'CB00027', 'HG00004', 'Quy Thi JJJ', '753159486', '0921111111', 400000, 1);

INSERT INTO VECHUYENBAY VALUES ('VE00063', 'CB00028', 'HG00002', 'Sang Van KKK', '159486753', '0922222222', 500000, 1);
INSERT INTO VECHUYENBAY VALUES ('VE00064', 'CB00028', 'HG00003', 'Thao Thi LLL', '486753159', '0923333333', 600000, 2);

INSERT INTO VECHUYENBAY VALUES ('VE00065', 'CB00029', 'HG00001', 'Tuan Van MMM', '753486159', '0924444444', 140000, 1);
INSERT INTO VECHUYENBAY VALUES ('VE00066', 'CB00029', 'HG00004', 'Van Thi NNN', '159753486', '0925555555', 400000, 1);

INSERT INTO VECHUYENBAY VALUES ('VE00067', 'CB00030', 'HG00002', 'Xiem Van OOO', '486159753', '0926666666', 500000, 2);
INSERT INTO VECHUYENBAY VALUES ('VE00068', 'CB00030', 'HG00003', 'Yen Thi PPP', '753159486', '0927777777', 600000, 1);

INSERT INTO VECHUYENBAY VALUES ('VE00069', 'CB00031', 'HG00001', 'Anh Van QQQ', '159486753', '0928888888', 140000, 1);
INSERT INTO VECHUYENBAY VALUES ('VE00070', 'CB00031', 'HG00004', 'Binh Thi RRR', '486753159', '0929999999', 400000, 2);

INSERT INTO VECHUYENBAY VALUES ('VE00071', 'CB00032', 'HG00002', 'Cuong Van SSS', '753486159', '0930000000', 500000, 1);
INSERT INTO VECHUYENBAY VALUES ('VE00072', 'CB00032', 'HG00003', 'Dung Thi TTT', '159753486', '0931111111', 200000, 1);

INSERT INTO VECHUYENBAY VALUES ('VE00073', 'CB00033', 'HG00001', 'Giang Van UUU', '486159753', '0932222222', 300000, 2);
INSERT INTO VECHUYENBAY VALUES ('VE00074', 'CB00033', 'HG00004', 'Hang Thi VVV', '753159486', '0933333333', 400000, 1);

-- Thêm vé cho năm 2026
INSERT INTO VECHUYENBAY VALUES ('VE00075', 'CB00034', 'HG00002', 'Khoa Van WWW', '159486753', '0934444444', 500000, 1);
INSERT INTO VECHUYENBAY VALUES ('VE00076', 'CB00034', 'HG00003', 'Linh Thi XXX', '486753159', '0935555555', 600000, 2);

INSERT INTO VECHUYENBAY VALUES ('VE00077', 'CB00035', 'HG00001', 'Manh Van YYY', '753486159', '0936666666', 700000, 1);
INSERT INTO VECHUYENBAY VALUES ('VE00078', 'CB00035', 'HG00004', 'Nhan Thi ZZZ', '159753486', '0937777777', 100000, 1);

INSERT INTO VECHUYENBAY VALUES ('VE00079', 'CB00036', 'HG00002', 'Phat Van AAAA', '486159753', '0938888888', 500000, 2);
INSERT INTO VECHUYENBAY VALUES ('VE00080', 'CB00036', 'HG00003', 'Quyen Thi BBBB', '753159486', '0939999999', 600000, 1);

INSERT INTO VECHUYENBAY VALUES ('VE00081', 'CB00037', 'HG00001', 'Tri Van CCCC', '159486753', '0940000000', 140000, 1);
INSERT INTO VECHUYENBAY VALUES ('VE00082', 'CB00037', 'HG00004', 'Vi Thi DDDD', '486753159', '0941111111', 400000, 2);

INSERT INTO VECHUYENBAY VALUES ('VE00083', 'CB00038', 'HG00002', 'Xuong Van EEEE', '753486159', '0942222222', 500000, 1);
INSERT INTO VECHUYENBAY VALUES ('VE00084', 'CB00038', 'HG00003', 'Yen Thi FFFF', '159753486', '0943333333', 600000, 1);

INSERT INTO VECHUYENBAY VALUES ('VE00085', 'CB00039', 'HG00001', 'Duc Van GGGG', '486159753', '0944444444', 140000, 2);
INSERT INTO VECHUYENBAY VALUES ('VE00086', 'CB00039', 'HG00004', 'Ha Thi HHHH', '753159486', '0945555555', 400000, 1);

INSERT INTO VECHUYENBAY VALUES ('VE00087', 'CB00040', 'HG00002', 'Khang Van IIII', '159486753', '0946666666', 500000, 1);
INSERT INTO VECHUYENBAY VALUES ('VE00088', 'CB00040', 'HG00003', 'Loan Thi JJJJ', '486753159', '0947777777', 600000, 2);

INSERT INTO VECHUYENBAY VALUES ('VE00089', 'CB00041', 'HG00001', 'Nghia Van KKKK', '753486159', '0948888888', 140000, 1);
INSERT INTO VECHUYENBAY VALUES ('VE00090', 'CB00041', 'HG00004', 'Oanh Thi LLLL', '159753486', '0949999999', 400000, 1);

-- Thêm vé cho các chuyến bay tháng 3-5/2026
INSERT INTO VECHUYENBAY VALUES ('VE00091', 'CB00042', 'HG00002', 'Phong Van MMMM', '486159753', '0950000000', 500000, 2);
INSERT INTO VECHUYENBAY VALUES ('VE00092', 'CB00042', 'HG00003', 'Quynh Thi NNNN', '753159486', '0951111111', 600000, 1);

INSERT INTO VECHUYENBAY VALUES ('VE00093', 'CB00043', 'HG00001', 'Son Van OOOO', '159486753', '0952222222', 700000, 1);
INSERT INTO VECHUYENBAY VALUES ('VE00094', 'CB00043', 'HG00004', 'Thu Thi PPPP', '486753159', '0953333333', 100000, 2);

INSERT INTO VECHUYENBAY VALUES ('VE00095', 'CB00044', 'HG00002', 'Vu Van QQQQ', '753486159', '0954444444', 500000, 1);
INSERT INTO VECHUYENBAY VALUES ('VE00096', 'CB00044', 'HG00003', 'Xuan Thi RRRR', '159753486', '0955555555', 200000, 1);

INSERT INTO VECHUYENBAY VALUES ('VE00097', 'CB00045', 'HG00001', 'Yen Van SSSS', '486159753', '0956666666', 700000, 2);
INSERT INTO VECHUYENBAY VALUES ('VE00098', 'CB00045', 'HG00004', 'Duc Thi TTTT', '753159486', '0957777777', 100000, 1);

INSERT INTO VECHUYENBAY VALUES ('VE00099', 'CB00046', 'HG00002', 'Hoa Van UUUU', '159486753', '0958888888', 500000, 1);
INSERT INTO VECHUYENBAY VALUES ('VE00100', 'CB00046', 'HG00003', 'Khanh Thi VVVV', '486753159', '0959999999', 600000, 2);

SELECT * FROM SANBAY;
SELECT * FROM HANGGHE;
SELECT * FROM HANGVECB;
SELECT * FROM CHUYENBAY;
SELECT * FROM CTCHUYENBAY;
SELECT * FROM THAMSO;
SELECT * FROM VECHUYENBAY;
SELECT * FROM HANGVE_TUYENBAY;

SHOW TABLES;